id,stock_code,stock_name,close,change_rate,change_amount,volume,amount,amplitude,high,low,open,pre_close,volume_ratio,turnover,pe_dynamic,pb
5001,688469,芯联集成-U,6.87,-6.40%,-0.47,218.87万,15.29亿,5.04%,7.16,6.79,7.01,7.34,0.95,3.73%,-162.93,4.44
5002,920339,恒太照明,10.80,-6.41%,-0.74,4.65万,5182.77万,8.67%,11.69,10.69,11.38,11.54,0.65,3.08%,-285.51,4.11
5003,603226,菲林格尔,48.01,-6.41%,-3.29,4.08万,1.99亿,4.50%,50.16,47.85,48.55,51.30,0.79,1.15%,-298.41,20.04
5004,300264,佳创视讯,7.29,-6.42%,-0.50,18.01万,1.35亿,6.80%,7.79,7.26,7.55,7.79,0.92,4.86%,-197.45,360.26
5005,688367,工大高科,34.99,-6.42%,-2.40,5.82万,2.06亿,10.64%,38.40,34.42,36.87,37.39,1.43,6.64%,2532.34,5.15
5006,603375,盛景微,44.16,-6.42%,-3.03,3.00万,1.34亿,7.59%,46.73,43.15,44.80,47.19,0.83,4.70%,450.60,2.87
5007,300492,华图山鼎,37.30,-6.42%,-2.56,5.10万,1.95亿,10.99%,40.58,36.20,39.50,39.86,1.56,2.59%,15.12,28.71
5008,688049,炬芯科技,39.68,-6.44%,-2.73,6.97万,2.81亿,3.89%,41.23,39.58,41.00,42.41,1.19,3.98%,35.68,3.32
5009,300427,红相股份,7.12,-6.44%,-0.49,50.68万,3.74亿,10.38%,7.81,7.02,7.80,7.61,0.66,10.08%,254.67,3.01
5010,300620,光库科技,299.67,-6.44%,-20.63,17.49万,52.60亿,5.76%,309.40,290.96,300.00,320.30,0.75,7.08%,417.29,34.65
5011,600489,中金黄金,20.77,-6.44%,-1.43,86.36万,18.07亿,3.74%,21.38,20.55,20.80,22.20,1.49,1.78%,10.57,3.07
5012,920665,科强股份,12.49,-6.44%,-0.86,5.51万,7008.26万,8.54%,13.30,12.16,12.40,13.35,0.90,8.60%,42.77,2.26
5013,002079,苏州固锝,11.47,-6.44%,-0.79,38.38万,4.50亿,6.12%,12.12,11.37,11.89,12.26,0.73,4.74%,30.65,2.56
5014,301268,铭利达,16.25,-6.45%,-1.12,6.66万,1.10亿,6.85%,17.20,16.01,17.14,17.37,0.98,1.93%,295.40,4.36
5015,002625,光启技术,35.08,-6.45%,-2.42,39.87万,14.30亿,5.33%,37.00,35.00,37.00,37.50,1.22,1.85%,107.27,7.73
5016,688230,芯导科技,59.25,-6.46%,-4.09,1.50万,9054.98万,6.14%,62.34,58.45,60.78,63.34,1.15,1.28%,58.14,3.10
5017,688141,杰华特,86.42,-6.46%,-5.97,18.02万,15.76亿,7.34%,91.28,84.50,86.10,92.39,1.06,4.00%,-35.23,31.18
5018,000006,深振业Ａ,7.96,-6.46%,-0.55,39.06万,3.17亿,4.47%,8.30,7.92,8.25,8.51,1.17,2.89%,356.89,2.00
5019,300102,乾照光电,23.15,-6.46%,-1.60,47.49万,11.28亿,7.96%,24.84,22.87,23.50,24.75,1.26,5.19%,179.70,4.95
5020,300458,全志科技,30.38,-6.47%,-2.10,31.97万,9.85亿,4.62%,31.50,30.00,31.00,32.48,0.92,4.02%,37.17,9.47
5021,688314,康拓医疗,38.62,-6.47%,-2.67,1.67万,6423.79万,5.98%,39.97,37.50,39.97,41.29,0.79,2.05%,59.61,4.42
5022,600595,中孚实业,6.50,-6.47%,-0.45,99.12万,6.48亿,4.89%,6.70,6.36,6.70,6.95,1.01,2.47%,7.93,1.51
5023,600172,黄河旋风,12.56,-6.48%,-0.87,167.09万,21.26亿,6.11%,13.17,12.35,12.35,13.43,0.60,13.09%,-46.91,39.07
5024,688717,艾罗能源,91.36,-6.48%,-6.33,6.08万,5.64亿,6.50%,97.03,90.68,94.00,97.69,1.27,6.14%,54.84,3.30
5025,600531,豫光金铅,11.69,-6.48%,-0.81,42.94万,5.06亿,4.88%,12.06,11.45,11.70,12.50,1.01,3.55%,12.86,1.99
5026,300493,润欣科技,14.14,-6.48%,-0.98,18.07万,2.59亿,5.69%,14.78,13.92,14.50,15.12,0.85,3.57%,107.52,6.31
5027,688689,银河微电,37.80,-6.48%,-2.62,3.85万,1.47亿,6.61%,39.57,36.90,39.16,40.42,1.16,2.99%,66.53,3.86
5028,688061,灿瑞科技,33.90,-6.48%,-2.35,2.08万,7171.80万,7.50%,36.00,33.28,35.32,36.25,1.34,1.81%,-46.37,1.70
5029,002121,科陆电子,6.49,-6.48%,-0.45,50.93万,3.37亿,6.63%,6.84,6.38,6.73,6.94,0.91,3.64%,-66.73,30.38
5030,002179,中航光电,35.33,-6.48%,-2.45,47.90万,17.29亿,5.90%,37.35,35.12,36.77,37.78,1.05,2.28%,46.96,3.18
5031,603799,华友钴业,46.72,-6.49%,-3.24,64.86万,30.83亿,5.46%,48.86,46.13,48.12,49.96,1.18,3.44%,8.87,1.79
5032,002335,科华数据,36.01,-6.49%,-2.50,27.31万,10.06亿,5.22%,37.93,35.92,37.00,38.51,0.87,4.14%,86.25,4.32
5033,300073,当升科技,48.06,-6.50%,-3.34,18.66万,9.15亿,6.81%,51.03,47.53,50.07,51.40,1.35,3.69%,23.62,1.77
5034,300085,银之杰,27.89,-6.50%,-1.94,65.04万,18.86亿,11.93%,30.91,27.35,29.00,29.83,0.79,9.98%,-228.17,46.96
5035,300433,蓝思科技,42.64,-6.51%,-2.97,198.41万,87.14亿,6.20%,45.40,42.57,43.20,45.61,0.92,3.99%,-376.14,4.12
5036,300697,电工合金,15.50,-6.51%,-1.08,12.08万,1.91亿,6.03%,16.36,15.36,16.20,16.58,0.88,3.65%,26.86,5.40
5037,000718,苏宁环球,2.15,-6.52%,-0.15,190.02万,4.19亿,7.83%,2.30,2.12,2.24,2.30,2.38,8.33%,327.95,0.71
5038,301538,骏鼎达,84.97,-6.52%,-5.93,1.24万,1.08亿,6.26%,89.81,84.12,87.03,90.90,0.79,3.99%,46.61,4.60
5039,603360,百傲化学,18.90,-6.53%,-1.32,21.97万,4.26亿,7.52%,20.29,18.77,19.91,20.22,1.00,3.11%,168.29,9.47
5040,300991,创益通,36.08,-6.53%,-2.52,3.13万,1.16亿,6.45%,38.09,35.60,38.01,38.60,0.86,3.40%,-202.02,8.28
5041,300818,耐普矿机,21.73,-6.54%,-1.52,5.05万,1.12亿,6.97%,23.00,21.38,22.72,23.25,0.93,3.55%,-140.67,2.66
5042,920981,晶赛科技,39.60,-6.54%,-2.77,5.20万,2.09亿,7.48%,42.17,39.00,39.51,42.37,0.78,13.52%,190.36,5.91
5043,000612,焦作万方,10.43,-6.54%,-0.73,39.03万,4.14亿,5.65%,10.95,10.32,10.76,11.16,0.90,3.27%,6.09,1.70
5044,300936,中英科技,100.09,-6.55%,-7.01,3.10万,3.14亿,7.17%,105.68,98.00,100.01,107.10,0.65,6.53%,-1702.28,7.47
5045,300667,必创科技,18.41,-6.55%,-1.29,11.40万,2.15亿,6.60%,19.50,18.20,19.00,19.70,0.75,6.61%,-794.07,3.65
5046,601609,XD金田股,11.68,-6.56%,-0.82,61.62万,7.33亿,6.24%,12.28,11.50,12.00,12.50,0.68,3.56%,29.65,2.04
5047,600979,广安爱众,4.84,-6.56%,-0.34,83.83万,4.16亿,6.76%,5.16,4.81,5.03,5.18,0.75,6.75%,62.13,1.47
5048,300735,光弘科技,20.21,-6.56%,-1.42,20.30万,4.21亿,7.44%,21.65,20.04,20.60,21.63,0.80,2.68%,239.87,2.96
5049,688545,兴福电子,80.50,-6.57%,-5.66,14.61万,11.96亿,5.69%,84.50,79.60,81.91,86.16,0.96,8.01%,113.17,9.96
5050,600259,中稀有色,87.75,-6.57%,-6.17,14.49万,13.04亿,7.61%,93.92,86.77,90.00,93.92,1.00,4.31%,43.18,8.17
5051,000159,国际实业,6.54,-6.57%,-0.46,34.17万,2.29亿,8.86%,7.05,6.43,6.70,7.00,1.20,7.11%,107.76,1.53
5052,688599,天合光能,13.21,-6.58%,-0.93,52.02万,7.03亿,5.94%,13.98,13.14,13.86,14.14,1.30,2.22%,-27.33,1.52
5053,603978,深圳新星,24.99,-6.58%,-1.76,10.61万,2.67亿,7.44%,26.20,24.21,25.51,26.75,1.39,5.02%,73.10,3.18
5054,300118,东方日升,13.06,-6.58%,-0.92,52.81万,7.10亿,8.73%,14.12,12.90,13.51,13.98,1.01,5.70%,-10.31,1.79
5055,603297,永新光学,115.68,-6.58%,-8.15,2.10万,2.46亿,6.33%,120.99,113.15,117.81,123.83,1.39,1.90%,69.54,6.10
5056,605196,华通线缆,36.57,-6.59%,-2.58,16.99万,6.27亿,5.31%,38.18,36.10,37.00,39.15,0.76,3.36%,72.38,5.52
5057,002167,东方锆业,12.75,-6.59%,-0.90,62.33万,8.10亿,8.35%,13.64,12.50,12.96,13.65,0.95,8.22%,121.97,5.55
5058,301202,朗威股份,35.64,-6.60%,-2.52,2.54万,9251.91万,7.21%,37.90,35.15,36.84,38.16,1.07,6.83%,68.69,4.09
5059,003022,联泓新科,22.77,-6.60%,-1.61,28.72万,6.69亿,7.05%,24.25,22.53,23.66,24.38,0.75,2.15%,52.53,4.06
5060,002830,名雕股份,14.55,-6.61%,-1.03,4.58万,6813.56万,8.60%,15.54,14.20,14.88,15.58,1.01,4.93%,200.77,4.11
5061,688781,视涯科技-UW,46.00,-6.62%,-3.26,4.13万,1.94亿,7.19%,48.72,45.18,46.99,49.26,0.97,10.11%,-252.65,11.34
5062,301197,工大科雅,28.44,-6.63%,-2.02,3.90万,1.13亿,8.40%,30.45,27.89,29.77,30.46,1.41,3.58%,-120.52,2.59
5063,600893,航发动力,39.56,-6.63%,-2.81,37.14万,14.92亿,7.03%,41.97,38.99,41.40,42.37,1.26,1.39%,10300.86,2.62
5064,688618,三旺通信,31.94,-6.64%,-2.27,2.84万,9188.68万,6.52%,33.46,31.23,31.50,34.21,1.04,2.58%,-1030.12,4.26
5065,002922,伊戈尔,35.03,-6.64%,-2.49,21.73万,7.77亿,6.00%,36.90,34.65,36.10,37.52,0.82,5.76%,53.89,3.99
5066,300857,协创数据,213.30,-6.64%,-15.17,22.14万,47.82亿,5.53%,221.63,209.00,216.24,228.47,1.10,4.55%,34.78,20.39
5067,688037,芯源微,230.75,-6.65%,-16.44,7.72万,18.20亿,8.21%,248.38,228.08,235.00,247.19,0.97,3.83%,3314.83,16.61
5068,600353,旭光电子,24.55,-6.65%,-1.75,68.30万,16.98亿,9.09%,26.15,23.76,25.00,26.30,1.00,8.24%,152.43,10.85
5069,688608,恒玄科技,151.48,-6.66%,-10.80,4.55万,7.06亿,4.55%,158.86,151.48,158.86,162.28,1.17,2.70%,71.74,3.57
5070,603878,武进不锈,6.03,-6.66%,-0.43,15.29万,9426.72万,6.04%,6.36,5.97,6.26,6.46,1.31,2.73%,-48.19,1.32
5071,301067,显盈科技,33.65,-6.66%,-2.40,5.19万,1.77亿,7.60%,35.38,32.64,35.31,36.05,1.01,8.14%,-130.86,4.25
5072,301057,汇隆新材,28.45,-6.66%,-2.03,2.17万,6336.97万,8.99%,30.84,28.10,30.38,30.48,0.98,2.68%,50.96,4.37
5073,688025,杰普特,349.09,-6.66%,-24.91,5.57万,19.67亿,5.48%,364.48,343.99,343.99,374.00,1.36,5.86%,84.92,13.80
5074,688103,国力电子,57.87,-6.66%,-4.13,2.79万,1.63亿,7.50%,60.65,56.00,56.00,62.00,1.25,2.92%,205.07,4.90
5075,600222,太龙药业,8.12,-6.67%,-0.58,37.09万,3.06亿,6.44%,8.57,8.01,8.51,8.70,0.87,6.46%,447.87,2.90
5076,688175,高凌信息,33.25,-6.68%,-2.38,2.36万,8062.77万,7.63%,35.62,32.90,34.86,35.63,0.65,1.83%,272.27,2.50
5077,301252,同星科技,32.96,-6.68%,-2.36,3.82万,1.29亿,5.44%,34.61,32.69,34.61,35.32,1.05,2.82%,63.21,4.18
5078,688776,国光电气,60.33,-6.68%,-4.32,2.64万,1.62亿,8.26%,64.45,59.11,63.50,64.65,1.33,2.43%,-40.74,3.83
5079,600936,北投科技,5.58,-6.69%,-0.40,126.68万,7.19亿,6.19%,5.87,5.50,5.70,5.98,0.79,7.58%,93.38,9.38
5080,300328,宜安科技,20.64,-6.69%,-1.48,94.60万,19.89亿,8.09%,22.09,20.30,21.89,22.12,1.29,13.77%,-185.76,13.85
5081,000758,中色股份,6.27,-6.70%,-0.45,56.73万,3.61亿,5.80%,6.54,6.15,6.52,6.72,1.09,2.86%,12.01,2.00
5082,300014,亿纬锂能,54.33,-6.70%,-3.90,67.59万,37.44亿,5.26%,56.98,53.92,56.25,58.23,0.98,3.20%,20.41,2.45
5083,688480,赛恩斯,84.46,-6.70%,-6.07,2.35万,2.00亿,7.28%,88.59,82.00,86.00,90.53,1.39,2.46%,62.65,6.67
5084,603578,三星新材,14.47,-6.71%,-1.04,9.34万,1.40亿,7.80%,15.63,14.42,15.63,15.51,1.52,5.18%,-280.62,2.39
5085,300777,中简科技,29.35,-6.71%,-2.11,15.94万,4.77亿,6.17%,30.85,28.91,30.50,31.46,1.32,3.77%,169.09,2.81
5086,000060,中金岭南,6.95,-6.71%,-0.50,250.78万,17.70亿,6.58%,7.37,6.88,7.06,7.45,0.88,5.65%,15.32,1.55
5087,002125,湘潭电化,15.84,-6.71%,-1.14,59.98万,9.72亿,7.30%,16.90,15.66,16.40,16.98,0.94,9.53%,27.90,2.99
5088,688516,奥特维,54.42,-6.72%,-3.92,10.05万,5.58亿,8.38%,58.29,53.40,57.00,58.34,0.83,3.19%,50.41,5.01
5089,301308,江波龙,485.06,-6.72%,-34.95,14.04万,68.48亿,5.08%,496.44,470.00,470.00,520.01,0.72,4.98%,13.28,17.24
5090,001309,德明利,588.10,-6.72%,-42.40,11.21万,66.34亿,6.47%,609.00,568.18,568.18,630.50,0.78,6.79%,9.97,20.14
5091,600751,海航科技,3.05,-6.73%,-0.22,51.71万,1.61亿,7.95%,3.27,3.01,3.27,3.27,1.46,2.01%,169.50,1.17
5092,601798,蓝科高新,7.62,-6.73%,-0.55,17.47万,1.36亿,6.12%,8.07,7.57,8.00,8.17,1.07,4.93%,54.91,2.09
5093,688790,昂瑞微-UW,116.20,-6.74%,-8.40,6120,7246.51万,3.35%,120.17,116.00,120.17,124.60,1.00,5.08%,-43.07,4.26
5094,002479,富春环保,4.98,-6.74%,-0.36,27.40万,1.40亿,6.18%,5.28,4.95,5.20,5.34,1.13,3.17%,10.42,1.03
5095,600895,张江高科,30.01,-6.74%,-2.17,34.23万,10.47亿,4.10%,31.31,29.99,30.57,32.18,1.16,2.21%,139.13,3.40
5096,600850,电科数字,19.49,-6.75%,-1.41,21.32万,4.22亿,4.16%,20.27,19.40,19.91,20.90,0.58,3.13%,131.33,2.70
5097,300450,先导智能,43.81,-6.75%,-3.17,59.35万,26.54亿,5.77%,46.10,43.39,45.90,46.98,1.06,3.81%,45.23,4.10
5098,688135,利扬芯片,33.11,-6.76%,-2.40,11.85万,3.99亿,5.66%,34.63,32.62,34.00,35.51,0.90,5.09%,564.42,4.87
5099,002328,新朋股份,8.00,-6.76%,-0.58,52.77万,4.32亿,7.69%,8.53,7.87,8.42,8.58,0.67,9.24%,14.70,1.86
5100,002783,凯龙股份,7.86,-6.76%,-0.57,16.35万,1.31亿,8.54%,8.43,7.71,8.35,8.43,1.07,3.55%,101.72,1.50
5101,688598,金博股份,31.96,-6.77%,-2.32,12.66万,4.10亿,6.56%,33.60,31.35,32.50,34.28,0.99,6.22%,-21.10,1.72
5102,603058,永吉股份,9.49,-6.78%,-0.69,9.56万,9406.75万,10.31%,10.44,9.39,9.93,10.18,1.52,2.31%,-72.92,3.33
5103,600868,梅雁吉祥,3.30,-6.78%,-0.24,196.93万,6.77亿,9.60%,3.62,3.28,3.47,3.54,1.11,10.37%,-106.54,3.24
5104,300850,新强联,28.32,-6.78%,-2.06,16.63万,4.78亿,6.25%,29.85,27.95,29.49,30.38,1.20,5.53%,19.60,1.67
5105,688685,迈信林,46.03,-6.78%,-3.35,4.28万,2.02亿,7.19%,49.00,45.45,49.00,49.38,1.04,2.91%,644.22,8.44
5106,601179,中国西电,14.01,-6.79%,-1.02,153.43万,21.89亿,5.32%,14.69,13.89,14.40,15.03,0.98,2.99%,51.80,3.08
5107,688595,芯海科技,37.21,-6.79%,-2.71,9.31万,3.52亿,6.19%,38.97,36.50,37.99,39.92,0.73,6.46%,-34.38,8.28
5108,300130,新国都,22.63,-6.80%,-1.65,19.80万,4.61亿,7.54%,24.23,22.40,23.24,24.28,0.92,4.56%,30.09,2.84
5109,300775,三角防务,22.33,-6.80%,-1.63,20.73万,4.73亿,7.05%,23.71,22.02,23.40,23.96,1.52,3.90%,284.67,2.08
5110,301246,宏源药业,26.84,-6.81%,-1.96,18.14万,4.95亿,6.56%,28.39,26.50,28.14,28.80,1.41,10.67%,18.59,2.33
5111,600711,盛屯矿业,11.09,-6.81%,-0.81,83.49万,9.39亿,5.04%,11.55,10.95,11.33,11.90,0.93,2.70%,8.40,1.98
5112,002829,星网宇达,21.32,-6.82%,-1.56,9.63万,2.10亿,9.18%,23.11,21.01,22.22,22.88,1.13,6.59%,-41.74,2.86
5113,301571,国科天成,53.95,-6.82%,-3.95,3.81万,2.11亿,7.32%,57.50,53.26,56.75,57.90,1.20,3.20%,97.11,4.69
5114,688611,杭州柯林,71.70,-6.82%,-5.25,1.56万,1.14亿,7.38%,76.28,70.60,75.88,76.95,0.77,1.02%,-914.66,12.75
5115,688628,优利德,77.69,-6.82%,-5.69,4.00万,3.13亿,5.41%,80.80,76.29,76.80,83.38,1.01,3.58%,29.92,6.49
5116,605366,宏柏新材,10.10,-6.83%,-0.74,23.44万,2.41亿,5.72%,10.60,9.98,10.37,10.84,0.97,3.02%,-69.93,2.93
5117,002023,海特高新,11.05,-6.83%,-0.81,43.87万,4.97亿,6.83%,11.76,10.95,11.47,11.86,1.17,5.92%,80.23,2.20
5118,600961,株冶集团,22.75,-6.84%,-1.67,36.08万,8.32亿,5.28%,23.66,22.37,23.36,24.42,1.07,4.80%,5.34,4.83
5119,688439,振华风光,44.41,-6.84%,-3.26,4.02万,1.82亿,5.03%,46.40,44.00,45.92,47.67,1.18,2.01%,-165.35,1.77
5120,002319,乐通股份,11.17,-6.84%,-0.82,15.43万,1.76亿,10.84%,12.21,10.91,12.21,11.99,1.19,7.36%,110.95,13.09
5121,000977,浪潮信息,57.89,-6.84%,-4.25,72.90万,43.08亿,5.31%,60.70,57.40,60.00,62.14,0.92,4.97%,35.14,3.82
5122,300747,锐科激光,43.16,-6.84%,-3.17,47.76万,20.95亿,6.02%,45.47,42.68,43.93,46.33,0.77,9.15%,144.84,7.09
5123,688081,兴图新科,47.91,-6.84%,-3.52,2.75万,1.32亿,7.76%,50.00,46.01,50.00,51.43,1.58,2.67%,-407.57,12.52
5124,002156,通富微电,62.26,-6.85%,-4.58,121.57万,76.61亿,5.24%,64.58,61.08,63.00,66.84,0.72,8.01%,71.79,6.08
5125,300520,科大国创,30.01,-6.86%,-2.21,14.20万,4.34亿,6.08%,31.47,29.51,31.03,32.22,0.82,5.03%,-56.41,5.12
5126,301141,中科磁业,45.73,-6.86%,-3.37,3.12万,1.47亿,7.72%,48.85,45.06,47.77,49.10,1.24,7.01%,229.60,4.51
5127,002049,紫光国微,69.98,-6.87%,-5.16,33.95万,24.30亿,5.03%,73.39,69.61,72.30,75.14,0.95,4.00%,44.46,4.27
5128,002929,润建股份,62.33,-6.87%,-4.60,20.41万,12.97亿,6.78%,65.92,61.38,64.03,66.93,0.89,9.52%,351.28,2.79
5129,603353,和顺石油,40.51,-6.87%,-2.99,5.07万,2.07亿,6.23%,42.49,39.78,41.00,43.50,0.70,2.98%,78.89,4.38
5130,301172,君逸数码,28.95,-6.88%,-2.14,5.93万,1.74亿,6.08%,30.36,28.47,30.31,31.09,1.08,6.00%,559.56,3.35
5131,600089,特变电工,23.94,-6.88%,-1.77,174.66万,42.74亿,6.46%,25.33,23.67,25.18,25.71,1.29,3.46%,16.67,1.68
5132,600988,赤峰黄金,29.20,-6.89%,-2.16,71.47万,21.17亿,4.40%,30.28,28.90,29.75,31.36,1.87,4.30%,14.04,4.06
5133,002706,良信股份,11.76,-6.89%,-0.87,61.18万,7.29亿,9.18%,12.59,11.43,12.27,12.63,0.91,6.69%,58.44,3.22
5134,301113,雅艺科技,17.30,-6.89%,-1.28,2.62万,4621.56万,7.86%,18.46,17.00,18.46,18.58,1.62,3.66%,-196.53,3.05
5135,601615,明阳智能,13.11,-6.89%,-0.97,90.13万,12.12亿,7.03%,13.98,12.99,13.68,14.08,0.93,3.99%,300.59,1.12
5136,301219,腾远钴业,52.68,-6.89%,-3.90,9.18万,4.93亿,7.03%,55.80,51.82,55.50,56.58,1.33,3.36%,9.49,2.11
5137,600617,国新能源,3.24,-6.90%,-0.24,57.10万,1.89亿,7.76%,3.45,3.18,3.40,3.48,0.99,3.22%,12.43,1.95
5138,600141,兴发集团,27.26,-6.90%,-2.02,33.31万,9.29亿,5.87%,28.90,27.18,28.55,29.28,1.25,2.77%,31.91,1.31
5139,002729,好利科技,16.73,-6.90%,-1.24,8.16万,1.39亿,7.51%,17.73,16.38,17.10,17.97,1.17,4.65%,79.76,5.40
5140,000636,风华高科,55.53,-6.91%,-4.12,169.98万,96.28亿,9.14%,60.00,54.55,58.76,59.65,0.86,14.69%,181.37,5.15
5141,000737,北方铜业,12.90,-6.93%,-0.96,65.26万,8.54亿,4.11%,13.37,12.80,13.17,13.86,0.88,3.43%,9.99,3.30
5142,002241,歌尔股份,23.10,-6.93%,-1.72,144.52万,34.08亿,5.20%,24.25,22.96,23.90,24.82,0.78,4.60%,40.76,2.24
5143,301186,超达装备,57.47,-6.93%,-4.28,1.96万,1.15亿,6.25%,61.22,57.36,60.98,61.75,1.44,2.54%,73.80,2.84
5144,300709,精研科技,47.49,-6.94%,-3.54,14.86万,7.24亿,9.48%,51.87,47.03,50.00,51.03,0.99,9.95%,-44.43,4.10
5145,300054,鼎龙股份,64.91,-6.94%,-4.84,38.33万,25.20亿,4.66%,67.33,64.08,65.00,69.75,1.03,5.17%,61.54,11.31
5146,301366,一博科技,45.05,-6.94%,-3.36,14.00万,6.36亿,4.96%,46.66,44.26,45.00,48.41,0.86,11.97%,203.46,4.36
5147,603109,神驰机电,19.96,-6.95%,-1.49,4.32万,8837.86万,6.20%,21.23,19.90,20.81,21.45,0.92,2.07%,44.88,2.17
5148,301196,唯科科技,139.58,-6.95%,-10.42,7.32万,10.48亿,10.17%,152.25,137.00,142.09,150.00,1.22,8.93%,61.28,5.23
5149,300131,英唐智控,15.67,-6.95%,-1.17,71.60万,11.43亿,5.82%,16.43,15.45,16.00,16.84,0.89,6.87%,1091.41,10.31
5150,605069,正和生态,10.31,-6.95%,-0.77,7.37万,7793.75万,10.56%,11.27,10.10,11.13,11.08,0.98,3.48%,-42.29,3.18
5151,688268,华特气体,183.02,-6.95%,-13.68,10.75万,20.02亿,8.09%,194.93,179.01,184.89,196.70,0.85,8.60%,168.96,9.09
5152,300139,晓程科技,39.30,-6.96%,-2.94,18.50万,7.38亿,5.85%,41.07,38.60,40.01,42.24,1.12,7.92%,59.95,9.04
5153,002077,大港股份,15.50,-6.96%,-1.16,30.06万,4.75亿,5.76%,16.29,15.33,15.91,16.66,0.88,5.18%,58.56,2.66
5154,603012,创力集团,8.28,-6.97%,-0.62,20.34万,1.71亿,7.53%,8.69,8.02,8.69,8.90,1.18,3.15%,57.52,1.42
5155,300647,超频三,6.14,-6.97%,-0.46,21.73万,1.37亿,7.27%,6.52,6.04,6.32,6.60,0.77,4.76%,80.54,6.55
5156,002757,南兴股份,20.81,-6.97%,-1.56,19.20万,4.04亿,7.91%,22.15,20.38,21.64,22.37,1.57,6.81%,35.40,3.07
5157,688166,博瑞医药,44.00,-6.98%,-3.30,11.29万,5.05亿,8.79%,46.96,42.80,45.54,47.30,1.21,2.59%,515.80,6.61
5158,300394,天孚通信,425.11,-6.98%,-31.89,42.12万,181.51亿,5.92%,442.79,415.72,439.00,457.00,0.90,5.42%,168.23,60.59
5159,688721,龙图光罩,39.72,-6.98%,-2.98,2.75万,1.12亿,6.77%,42.15,39.26,40.65,42.70,1.01,5.14%,129.78,4.33
5160,002838,道恩股份,30.23,-6.98%,-2.27,7.52万,2.32亿,8.31%,32.50,29.80,31.66,32.50,1.46,1.79%,30.36,3.85
5161,001332,锡装股份,44.18,-6.99%,-3.32,4.75万,2.17亿,12.72%,49.14,43.10,45.11,47.50,0.86,7.06%,18.71,2.62
5162,301581,黄山谷捷,45.63,-6.99%,-3.43,1.60万,7426.58万,5.34%,47.91,45.29,46.89,49.06,0.75,3.78%,111.60,3.69
5163,300345,华民股份,5.72,-6.99%,-0.43,20.96万,1.23亿,5.69%,6.05,5.70,6.02,6.15,1.22,4.37%,-13.70,8.25
5164,600969,郴电国际,9.70,-7.00%,-0.73,14.64万,1.46亿,7.48%,10.39,9.61,10.08,10.43,0.86,3.96%,79.30,1.00
5165,301191,菲菱科思,90.30,-7.00%,-6.80,5.66万,5.16亿,6.28%,94.00,87.90,90.31,97.10,1.20,7.75%,114.07,5.18
5166,603281,江瀚新材,31.46,-7.01%,-2.37,3.95万,1.27亿,5.17%,33.03,31.28,32.86,33.83,1.58,1.06%,28.41,2.40
5167,300790,宇瞳光学,21.50,-7.01%,-1.62,33.34万,7.26亿,7.53%,22.75,21.01,21.53,23.12,1.23,7.26%,49.53,4.20
5168,300739,明阳电路,27.33,-7.01%,-2.06,20.36万,5.65亿,5.51%,28.56,26.94,27.94,29.39,0.63,5.93%,174.38,3.72
5169,688531,日联科技,181.49,-7.01%,-13.68,7.49万,13.72亿,7.02%,191.80,178.10,180.89,195.17,0.97,6.52%,170.17,9.05
5170,301323,新莱福,77.40,-7.02%,-5.84,2.78万,2.21亿,7.04%,82.56,76.70,81.00,83.24,1.12,4.11%,50.15,3.63
5171,002738,中矿资源,54.27,-7.02%,-4.10,32.72万,17.98亿,9.29%,58.22,52.80,56.30,58.37,1.34,4.60%,19.28,3.16
5172,300259,新天科技,5.69,-7.03%,-0.43,83.65万,5.02亿,12.75%,6.42,5.64,5.83,6.12,1.06,7.15%,85.64,2.22
5173,301535,浙江华远,14.82,-7.03%,-1.12,5.65万,8489.26万,8.03%,15.83,14.55,15.50,15.94,2.71,3.33%,57.69,5.41
5174,688676,金盘科技,83.60,-7.03%,-6.32,16.37万,13.94亿,6.57%,88.19,82.28,85.00,89.92,0.84,3.56%,85.47,7.91
5175,001298,好上好,20.10,-7.03%,-1.52,12.07万,2.48亿,6.01%,21.22,19.92,20.70,21.62,1.02,2.96%,36.81,5.23
5176,688167,炬光科技,414.50,-7.03%,-31.35,4.98万,20.66亿,5.45%,425.30,401.00,412.00,445.85,1.00,5.54%,-705.29,16.66
5177,000938,紫光股份,25.91,-7.03%,-1.96,176.48万,46.70亿,6.10%,27.30,25.60,26.91,27.87,0.98,6.17%,23.51,4.83
5178,301026,浩通科技,21.27,-7.04%,-1.61,7.74万,1.68亿,7.17%,22.66,21.02,22.25,22.88,0.76,4.84%,18.37,2.89
5179,000066,中国长城,15.85,-7.04%,-1.20,150.38万,24.33亿,5.98%,16.70,15.68,16.13,17.05,0.79,4.66%,-152.87,4.68
5180,300456,赛微电子,40.02,-7.04%,-3.03,35.39万,14.45亿,4.65%,41.81,39.81,41.15,43.05,0.70,5.92%,-149.20,4.61
5181,688234,天岳先进,121.70,-7.05%,-9.23,15.03万,18.60亿,6.16%,127.95,119.89,120.00,130.93,0.87,3.50%,-243.67,8.29
5182,000975,山金国际,20.30,-7.05%,-1.54,57.73万,11.79亿,4.85%,20.88,19.82,20.54,21.84,1.30,2.29%,10.09,3.47
5183,300670,大烨智能,6.32,-7.06%,-0.48,13.86万,8900.07万,8.09%,6.70,6.15,6.66,6.80,1.03,6.17%,-51.65,4.73
5184,688449,联芸科技,65.41,-7.06%,-4.97,11.27万,7.47亿,5.56%,68.06,64.15,64.53,70.38,0.74,3.84%,848.97,15.80
5185,688150,莱特光电,46.31,-7.06%,-3.52,15.61万,7.36亿,7.34%,48.84,45.18,47.61,49.83,1.01,3.88%,101.33,9.80
5186,000899,赣能股份,12.76,-7.06%,-0.97,33.30万,4.39亿,8.16%,13.83,12.71,13.23,13.73,0.60,3.41%,15.41,2.04
5187,300347,泰格医药,36.17,-7.07%,-2.75,21.61万,8.02亿,7.50%,38.97,36.05,38.26,38.92,1.47,3.81%,158.75,1.49
5188,688282,理工导航,69.70,-7.07%,-5.30,1.40万,9960.59万,9.72%,76.00,68.71,72.06,75.00,1.16,1.59%,-110.24,4.87
5189,300820,英杰电气,61.40,-7.07%,-4.67,7.06万,4.42亿,6.77%,65.30,60.83,63.50,66.07,0.98,6.31%,93.89,5.47
5190,600584,长电科技,70.30,-7.07%,-5.35,168.13万,119.81亿,4.36%,73.00,69.70,70.92,75.65,0.64,9.40%,108.34,4.37
5191,002185,华天科技,16.80,-7.08%,-1.28,331.16万,56.61亿,5.53%,17.55,16.55,16.92,18.08,0.60,9.97%,160.84,3.13
5192,002484,江海股份,83.62,-7.09%,-6.38,80.12万,68.84亿,6.42%,89.00,83.22,88.39,90.00,1.20,9.77%,109.75,11.46
5193,600207,安彩高科,6.68,-7.09%,-0.51,64.63万,4.46亿,7.09%,7.15,6.64,6.92,7.19,1.03,5.93%,-12.30,3.87
5194,688010,福光股份,34.05,-7.09%,-2.60,5.73万,1.98亿,6.38%,35.78,33.44,35.00,36.65,0.85,3.57%,-75.67,3.19
5195,002487,大金重工,59.15,-7.10%,-4.52,30.66万,18.42亿,8.34%,63.50,58.19,62.45,63.67,1.55,4.86%,25.10,5.04
5196,301155,海力风电,47.50,-7.10%,-3.63,5.99万,2.92亿,7.59%,50.88,47.00,50.88,51.13,1.19,4.86%,192.74,1.80
5197,301276,嘉曼服饰,22.22,-7.11%,-1.70,2.55万,5774.32万,6.94%,23.71,22.05,23.71,23.92,1.10,3.53%,14.32,1.37
5198,688785,恒运昌,322.59,-7.11%,-24.69,9907,3.24亿,5.26%,335.44,317.19,327.31,347.28,1.09,7.78%,310.53,9.78
5199,300476,胜宏科技,314.80,-7.11%,-24.10,51.21万,161.84亿,5.71%,325.90,306.56,307.00,338.90,1.02,5.92%,60.03,19.75
5200,688392,骄成超声,149.56,-7.11%,-11.45,3.79万,5.81亿,5.73%,157.68,148.45,156.00,161.01,0.93,3.27%,86.02,9.44
5201,688182,灿勤科技,32.65,-7.11%,-2.50,8.97万,2.97亿,5.97%,34.20,32.10,33.00,35.15,0.99,2.24%,2000.08,5.78
5202,605166,聚合顺,9.66,-7.12%,-0.74,14.98万,1.47亿,8.27%,10.29,9.43,10.05,10.40,1.06,4.76%,22.32,1.53
5203,301238,瑞泰新材,21.38,-7.12%,-1.64,21.27万,4.68亿,7.25%,22.87,21.20,22.19,23.02,0.85,2.90%,31.03,2.17
5204,603806,福斯特,16.01,-7.13%,-1.23,55.20万,9.04亿,6.15%,17.01,15.95,16.52,17.24,1.11,2.12%,33.49,2.64
5205,000603,盛达资源,27.59,-7.14%,-2.12,19.34万,5.41亿,6.06%,28.80,27.00,28.12,29.71,1.31,2.90%,59.93,5.45
5206,300900,广联航空,33.16,-7.14%,-2.55,16.84万,5.74亿,7.59%,35.80,33.09,33.46,35.71,0.93,6.56%,257.86,5.61
5207,688159,有方科技,42.13,-7.14%,-3.24,4.63万,1.99亿,6.77%,44.51,41.44,44.47,45.37,1.06,4.99%,35.19,4.18
5208,600336,澳柯玛,7.15,-7.14%,-0.55,18.86万,1.37亿,8.05%,7.59,6.97,7.58,7.70,1.54,2.36%,38.06,2.52
5209,300975,商络电子,41.60,-7.14%,-3.20,138.79万,61.74亿,16.83%,48.98,41.44,43.01,44.80,1.37,28.21%,27.84,10.95
5210,603993,洛阳钼业,16.89,-7.15%,-1.30,274.47万,46.83亿,4.34%,17.45,16.66,17.10,18.19,1.08,1.57%,11.64,4.37
5211,688622,*ST禾信,121.01,-7.19%,-9.38,1.91万,2.36亿,9.43%,131.30,119.00,127.00,130.39,0.89,2.71%,-277.68,28.81
5212,688126,沪硅产业,26.44,-7.20%,-2.05,156.31万,42.62亿,8.92%,28.74,26.20,26.50,28.49,0.89,5.72%,-45.22,5.19
5213,001316,润贝航科,32.74,-7.20%,-2.54,3.01万,1.01亿,6.55%,34.82,32.51,34.05,35.28,1.30,2.00%,21.77,4.02
5214,301111,粤万年青,26.80,-7.20%,-2.08,7.40万,2.03亿,8.73%,28.97,26.45,28.45,28.88,1.06,4.62%,-324.20,5.80
5215,301500,飞南资源,23.83,-7.20%,-1.85,11.82万,2.87亿,6.07%,25.05,23.49,24.76,25.68,0.86,8.21%,8.26,2.58
5216,002395,双象股份,14.55,-7.21%,-1.13,14.46万,2.19亿,9.25%,15.96,14.51,15.14,15.68,1.19,5.39%,32.25,2.51
5217,600237,铜峰电子,11.20,-7.21%,-0.87,81.56万,9.31亿,6.96%,11.90,11.06,11.31,12.07,0.77,13.06%,71.88,3.62
5218,002462,嘉事堂,12.74,-7.21%,-0.99,11.80万,1.54亿,6.85%,13.59,12.65,13.59,13.73,1.49,4.05%,24.40,0.85
5219,002800,天顺股份,15.17,-7.22%,-1.18,3.78万,5829.12万,7.22%,16.10,14.92,15.50,16.35,1.38,2.56%,326.73,4.67
5220,301608,博实结,50.10,-7.22%,-3.90,2.51万,1.29亿,7.35%,53.50,49.53,53.35,54.00,1.40,4.21%,30.14,3.04
5221,002859,洁美科技,80.30,-7.23%,-6.26,35.82万,29.44亿,8.32%,86.20,79.00,79.00,86.56,1.08,8.82%,181.28,10.58
5222,600490,鹏欣资源,6.54,-7.23%,-0.51,56.34万,3.75亿,5.53%,6.82,6.43,6.74,7.05,1.76,2.83%,32.81,2.27
5223,688525,佰维存储,288.50,-7.23%,-22.50,32.99万,95.92亿,3.40%,295.58,285.00,285.00,311.00,0.76,7.00%,11.73,15.93
5224,688596,正帆科技,37.94,-7.24%,-2.96,16.32万,6.34亿,7.29%,40.49,37.51,38.88,40.90,0.99,5.55%,-108.99,3.10
5225,000021,深科技,35.37,-7.24%,-2.76,118.69万,42.72亿,5.72%,37.03,34.85,35.70,38.13,0.72,7.54%,57.48,4.28
5226,300839,博汇股份,14.21,-7.25%,-1.11,9.90万,1.43亿,9.27%,15.40,13.98,14.82,15.32,1.34,3.42%,22.41,5.20
5227,301391,卡莱特,59.28,-7.26%,-4.64,1.93万,1.17亿,7.18%,62.89,58.30,61.63,63.92,1.23,2.08%,191.95,2.69
5228,300756,金马游乐,31.26,-7.27%,-2.45,4.81万,1.54亿,8.45%,33.55,30.70,33.03,33.71,0.84,2.51%,63.38,4.71
5229,603681,永冠新材,22.20,-7.27%,-1.74,30.45万,6.77亿,6.22%,23.04,21.55,21.55,23.94,1.17,12.81%,49.27,1.56
5230,300593,新雷能,31.37,-7.27%,-2.46,25.63万,8.23亿,7.63%,33.48,30.90,32.18,33.83,0.79,5.69%,-98.78,7.42
5231,301235,华康洁净,64.35,-7.28%,-5.05,3.66万,2.41亿,7.82%,68.99,63.56,65.93,69.40,0.66,5.04%,-99.31,3.71
5232,300779,惠城环保,74.50,-7.28%,-5.85,6.22万,4.74亿,7.16%,79.49,73.74,77.25,80.35,0.69,3.83%,1858.92,7.11
5233,300976,达瑞电子,62.00,-7.28%,-4.87,6.78万,4.31亿,7.82%,66.21,60.98,63.00,66.87,0.89,5.63%,40.30,3.25
5234,688419,耐科装备,43.39,-7.29%,-3.41,3.14万,1.39亿,6.99%,46.00,42.73,44.80,46.80,0.96,2.74%,86.77,4.94
5235,301320,豪江智能,14.76,-7.29%,-1.16,6.55万,9944.68万,7.41%,15.65,14.47,15.58,15.92,1.48,9.61%,325.03,2.55
5236,688663,新风光,81.93,-7.29%,-6.44,5.31万,4.44亿,6.89%,87.09,81.00,86.20,88.37,1.12,3.75%,692.36,8.36
5237,600773,西藏城投,14.18,-7.32%,-1.12,38.53万,5.59亿,10.59%,15.42,13.80,14.96,15.30,1.21,4.05%,-63.60,3.18
5238,688168,安博通,51.65,-7.32%,-4.08,3.01万,1.58亿,9.82%,55.01,49.54,54.03,55.73,1.38,2.79%,115.33,5.58
5239,301680,固德电材,120.51,-7.32%,-9.52,2.54万,3.11亿,5.38%,126.00,119.00,123.70,130.03,0.70,15.12%,50.82,5.35
5240,301097,天益医疗,33.65,-7.33%,-2.66,1.60万,5503.48万,9.23%,36.40,33.05,35.44,36.31,1.74,4.08%,73.86,2.53
5241,000070,特发信息,18.46,-7.33%,-1.46,141.11万,26.36亿,7.83%,19.49,17.93,17.93,19.92,1.62,16.47%,-420.31,16.02
5242,300209,行云科技,23.64,-7.33%,-1.87,57.15万,13.58亿,6.66%,24.73,23.03,23.61,25.51,0.88,7.78%,-249.05,24.45
5243,603103,横店影视,21.59,-7.34%,-1.71,17.82万,3.98亿,11.07%,23.80,21.22,22.75,23.30,0.99,2.81%,85.32,10.71
5244,002130,沃尔核材,19.05,-7.34%,-1.51,52.55万,10.21亿,4.04%,19.80,18.97,19.78,20.56,0.99,4.58%,28.83,2.91
5245,603071,物产环能,12.99,-7.35%,-1.03,8.51万,1.12亿,8.13%,13.93,12.79,13.81,14.02,1.09,1.53%,10.49,1.26
5246,301321,翰博高新,28.82,-7.36%,-2.29,7.75万,2.30亿,12.31%,32.23,28.40,29.50,31.11,0.96,5.25%,291.32,5.51
5247,605222,起帆电缆,25.98,-7.38%,-2.07,9.58万,2.55亿,7.20%,27.72,25.70,27.23,28.05,1.23,2.32%,28.13,2.28
5248,603232,格尔软件,17.30,-7.39%,-1.38,13.74万,2.43亿,6.16%,18.35,17.20,17.38,18.68,0.52,5.94%,-35.45,3.11
5249,688387,信科移动-U,15.72,-7.42%,-1.26,82.85万,13.47亿,8.89%,17.14,15.63,16.33,16.98,1.15,4.11%,-104.84,9.16
5250,300475,香农芯创,159.13,-7.43%,-12.77,27.03万,43.55亿,5.28%,165.58,156.51,160.00,171.90,0.81,6.01%,14.07,15.14
5251,300499,高澜股份,34.00,-7.43%,-2.73,24.92万,8.62亿,5.25%,35.49,33.56,35.10,36.73,0.94,9.18%,171.37,7.56
5252,300516,久之洋,37.93,-7.44%,-3.05,16.81万,6.57亿,8.81%,41.10,37.49,39.00,40.98,1.27,6.67%,-158.00,7.48
5253,000681,视觉中国,22.50,-7.45%,-1.81,82.35万,19.12亿,6.01%,23.96,22.50,23.10,24.31,0.88,12.18%,16.50,4.11
5254,688805,健信超导,48.18,-7.45%,-3.88,2.14万,1.04亿,7.63%,50.97,47.00,50.15,52.06,1.29,6.78%,87.20,6.76
5255,300672,国科微,276.70,-7.46%,-22.30,11.20万,31.46亿,6.01%,291.00,273.03,277.99,299.00,0.96,5.32%,273.35,15.58
5256,301577,美信科技,97.04,-7.48%,-7.85,3.78万,3.74亿,8.56%,103.00,94.02,98.86,104.89,0.78,20.09%,-84.70,5.94
5257,300623,捷捷微电,30.78,-7.48%,-2.49,30.87万,9.65亿,6.04%,32.16,30.15,31.39,33.27,0.85,4.02%,63.88,4.18
5258,002266,浙富控股,4.57,-7.49%,-0.37,100.73万,4.71亿,6.68%,4.85,4.52,4.83,4.94,1.32,2.08%,9.90,1.93
5259,600667,太极实业,14.94,-7.49%,-1.21,302.94万,46.51亿,10.09%,16.34,14.71,15.33,16.15,0.86,14.48%,60.50,3.57
5260,301628,强达电路,106.90,-7.49%,-8.66,3.56万,3.85亿,5.86%,112.00,105.23,106.47,115.56,0.80,12.78%,89.03,6.96
5261,002782,可立克,24.06,-7.50%,-1.95,18.44万,4.59亿,8.80%,26.15,23.86,25.63,26.01,0.78,3.79%,117.16,5.57
5262,688302,海创药业-U,34.88,-7.50%,-2.83,2.55万,9016.46万,11.11%,37.70,33.51,37.35,37.71,2.72,2.57%,-28.89,3.34
5263,300222,科大智能,13.68,-7.51%,-1.11,57.90万,8.08亿,6.76%,14.41,13.41,14.30,14.79,0.73,9.14%,97.77,6.13
5264,301662,宏工科技,88.04,-7.52%,-7.16,2.28万,2.05亿,8.68%,94.96,86.70,90.50,95.20,1.05,5.12%,33.57,6.80
5265,002947,恒铭达,81.50,-7.52%,-6.63,13.09万,10.84亿,6.98%,86.45,80.30,85.23,88.13,1.18,6.60%,34.48,6.71
5266,603886,元祖股份,11.27,-7.55%,-0.92,14.53万,1.68亿,6.07%,11.99,11.25,11.80,12.19,0.87,6.05%,-9.63,2.02
5267,301012,扬电科技,28.29,-7.55%,-2.31,11.26万,3.25亿,7.65%,30.07,27.73,29.22,30.60,1.20,5.72%,67.78,4.71
5268,688612,XD威迈斯,33.65,-7.55%,-2.75,8.35万,2.89亿,10.41%,36.99,33.20,34.95,36.40,0.92,3.31%,26.90,4.06
5269,301393,昊帆生物,49.90,-7.56%,-4.08,2.23万,1.13亿,7.74%,53.18,49.00,53.18,53.98,1.87,5.30%,40.28,2.28
5270,603979,金诚信,66.14,-7.56%,-5.41,9.31万,6.23亿,4.71%,68.58,65.21,67.79,71.55,1.24,1.49%,17.15,3.60
5271,603533,掌阅科技,21.97,-7.57%,-1.80,26.62万,5.97亿,5.93%,23.22,21.81,22.71,23.77,0.87,6.06%,-71.48,4.20
5272,600391,航发科技,31.23,-7.58%,-2.56,12.10万,3.85亿,7.93%,33.46,30.78,32.31,33.79,1.08,3.66%,-227.14,5.81
5273,001376,百通能源,12.67,-7.59%,-1.04,23.02万,3.02亿,9.04%,13.80,12.56,13.47,13.71,1.00,10.76%,34.28,4.57
5274,300816,艾可蓝,80.39,-7.59%,-6.60,2.51万,2.06亿,7.66%,85.66,79.00,85.26,86.99,1.02,4.30%,80.95,6.78
5275,600310,广西能源,5.23,-7.60%,-0.43,149.30万,8.00亿,8.13%,5.65,5.19,5.31,5.66,0.72,10.19%,-55.66,2.87
5276,002857,三晖电气,17.27,-7.60%,-1.42,5.14万,9061.81万,9.79%,18.67,16.84,18.21,18.69,0.91,4.00%,-22.82,4.84
5277,603306,华懋科技,91.43,-7.60%,-7.52,14.63万,13.53亿,5.40%,95.20,89.86,89.86,98.95,0.91,4.44%,643.92,9.45
5278,002927,泰永长征,19.66,-7.61%,-1.62,14.52万,2.92亿,7.57%,21.03,19.42,20.80,21.28,0.62,6.58%,102.40,4.36
5279,600331,宏达股份,12.85,-7.62%,-1.06,66.00万,8.61亿,5.46%,13.45,12.69,13.02,13.91,1.45,3.25%,-251.78,10.90
5280,603120,肯特催化,48.20,-7.63%,-3.98,2.69万,1.32亿,6.32%,51.00,47.70,47.94,52.18,0.76,7.11%,56.26,3.66
5281,300903,科翔股份,66.60,-7.63%,-5.50,24.26万,16.43亿,5.69%,69.60,65.50,68.30,72.10,0.89,7.34%,-139.41,15.88
5282,300723,一品红,34.71,-7.64%,-2.87,14.20万,5.07亿,9.90%,37.98,34.26,36.50,37.58,0.89,3.39%,6.59,8.10
5283,301068,大地海洋,26.47,-7.67%,-2.20,1.72万,4638.98万,6.73%,28.21,26.28,28.00,28.67,1.16,1.71%,68.74,4.65
5284,000767,晋控电力,4.93,-7.68%,-0.41,315.23万,15.99亿,8.43%,5.35,4.90,5.03,5.34,0.49,10.82%,60.30,2.51
5285,301107,瑜欣电子,23.55,-7.68%,-1.96,10.39万,2.49亿,5.92%,24.85,23.34,23.84,25.51,0.83,12.64%,74.03,3.59
5286,688418,震有科技,42.98,-7.69%,-3.58,6.40万,2.82亿,8.93%,46.19,42.03,44.98,46.56,1.24,3.33%,-46.08,10.13
5287,002616,长青集团,5.16,-7.69%,-0.43,22.24万,1.18亿,6.98%,5.52,5.13,5.40,5.59,1.07,3.78%,11.15,1.26
5288,600563,法拉电子,156.32,-7.70%,-13.04,11.74万,18.76亿,6.85%,165.80,154.20,159.00,169.36,0.93,5.22%,32.84,6.09
5289,001210,金房能源,23.01,-7.70%,-1.92,13.68万,3.26亿,10.47%,25.49,22.88,23.62,24.93,0.97,10.25%,9.52,3.52
5290,688186,广大特材,17.35,-7.71%,-1.45,7.77万,1.38亿,8.09%,18.69,17.17,18.45,18.80,1.06,2.77%,231.02,1.03
5291,000518,四环生物,3.23,-7.71%,-0.27,96.75万,3.22亿,7.14%,3.46,3.21,3.35,3.50,0.69,9.40%,-73.48,10.29
5292,688499,利元亨,47.05,-7.75%,-3.95,8.44万,4.03亿,5.73%,49.18,46.26,48.35,51.00,1.01,5.00%,105.13,3.39
5293,603162,海通发展,10.00,-7.75%,-0.84,24.73万,2.53亿,8.12%,10.75,9.87,10.70,10.84,1.98,5.98%,16.32,2.99
5294,000720,新能泰山,4.76,-7.75%,-0.40,98.87万,4.74亿,5.81%,4.95,4.65,4.80,5.16,0.71,7.87%,-67.15,3.18
5295,603610,麒盛科技,17.36,-7.76%,-1.46,15.39万,2.76亿,7.81%,18.70,17.23,18.50,18.82,1.54,4.36%,45.44,2.00
5296,301548,崇德科技,73.03,-7.77%,-6.15,1.56万,1.16亿,6.73%,77.25,71.92,77.25,79.18,1.07,5.96%,40.64,4.11
5297,603296,华勤技术,99.18,-7.77%,-8.36,23.56万,23.80亿,4.13%,103.55,99.11,100.96,107.54,0.65,4.13%,25.87,4.10
5298,000878,云南铜业,15.97,-7.79%,-1.35,65.80万,10.69亿,3.98%,16.60,15.91,16.52,17.32,1.05,3.28%,14.34,2.17
5299,001212,中旗新材,48.85,-7.81%,-4.14,8.87万,4.45亿,6.81%,52.11,48.50,51.00,52.99,0.98,5.10%,650.80,5.11
5300,688239,航宇科技,52.54,-7.82%,-4.46,8.11万,4.33亿,6.98%,55.78,51.80,55.01,57.00,1.81,4.25%,44.40,4.82
5301,600497,驰宏锌锗,8.24,-7.83%,-0.70,178.82万,15.00亿,6.15%,8.66,8.11,8.48,8.94,0.97,3.55%,15.69,2.47
5302,300196,长海股份,22.18,-7.85%,-1.89,30.76万,6.97亿,6.56%,23.48,21.90,22.73,24.07,0.58,12.46%,27.96,1.94
5303,600362,江西铜业,40.87,-7.87%,-3.49,70.00万,28.93亿,5.09%,42.67,40.41,41.95,44.36,1.03,3.37%,12.56,1.68
5304,300249,依米康,14.63,-7.87%,-1.25,25.92万,3.90亿,6.80%,15.59,14.51,15.31,15.88,0.86,6.93%,171.67,20.24
5305,600032,浙江新能,9.48,-7.87%,-0.81,56.94万,5.55亿,8.75%,10.23,9.33,9.90,10.29,0.65,2.37%,200.68,1.78
5306,688807,优迅股份,397.99,-7.87%,-34.01,1.49万,6.03亿,6.94%,418.52,388.53,388.53,432.00,0.70,9.94%,299.53,18.00
5307,301232,飞沃科技,119.75,-7.88%,-10.24,5.56万,6.86亿,9.72%,131.63,119.00,126.33,129.99,1.11,8.90%,697.86,8.90
5308,603115,海星股份,95.50,-7.90%,-8.19,7.55万,7.40亿,6.44%,101.70,95.02,96.71,103.69,0.61,3.12%,145.64,10.67
5309,002025,航天电器,59.68,-7.90%,-5.12,22.82万,13.93亿,7.22%,64.03,59.35,62.11,64.80,0.91,5.03%,130.07,4.08
5310,301328,维峰电子,53.14,-7.90%,-4.56,3.62万,1.97亿,6.07%,56.21,52.71,55.77,57.70,1.09,3.14%,113.96,4.32
5311,603118,共进股份,12.35,-7.90%,-1.06,42.48万,5.39亿,5.59%,13.01,12.26,12.89,13.41,1.03,5.40%,99.42,1.92
5312,001299,美能能源,10.93,-7.92%,-0.94,11.97万,1.32亿,6.49%,11.46,10.69,11.30,11.87,0.73,4.23%,31.01,3.06
5313,000630,铜陵有色,5.93,-7.92%,-0.51,441.12万,26.64亿,5.12%,6.23,5.90,6.04,6.44,0.91,3.96%,14.85,2.16
5314,300715,凯伦股份,23.48,-7.92%,-2.02,29.10万,7.06亿,8.86%,25.36,23.10,24.98,25.50,0.87,9.30%,153.12,5.06
5315,920211,新睿电子,208.90,-7.92%,-17.98,3.10万,6.57亿,20.66%,236.88,190.00,190.00,226.88,0.57,53.73%,115.08,17.31
5316,601020,华钰矿业,22.19,-7.93%,-1.91,30.34万,6.87亿,5.89%,23.31,21.89,22.85,24.10,1.25,3.70%,148.86,4.23
5317,000426,兴业银锡,35.06,-7.93%,-3.02,76.12万,27.04亿,5.12%,36.44,34.49,35.11,38.08,1.03,4.29%,11.63,5.75
5318,002865,钧达股份,67.08,-7.93%,-5.78,14.52万,10.08亿,9.00%,73.08,66.52,69.66,72.86,1.06,6.50%,368.55,5.18
5319,688179,阿拉丁,20.30,-7.94%,-1.75,19.61万,3.97亿,7.35%,21.13,19.51,20.18,22.05,1.78,5.42%,63.15,5.58
5320,600301,华锡有色,55.28,-7.94%,-4.77,17.07万,9.53亿,7.51%,58.63,54.12,55.00,60.05,0.75,6.20%,48.06,7.38
5321,688503,聚和材料,80.69,-7.95%,-6.97,13.45万,11.08亿,8.48%,86.43,79.00,83.00,87.66,1.25,6.70%,16.86,3.68
5322,688213,思特威-W,87.75,-7.97%,-7.60,14.44万,12.89亿,5.86%,92.00,86.41,90.00,95.35,1.21,4.46%,37.28,6.91
5323,603435,嘉德利,76.48,-7.98%,-6.63,8.55万,6.68亿,7.20%,81.78,75.80,78.93,83.11,0.63,23.95%,138.43,16.48
5324,600995,南网储能,13.92,-8.00%,-1.21,52.57万,7.52亿,6.94%,14.86,13.81,14.76,15.13,0.72,1.64%,24.51,1.96
5325,300487,蓝晓科技,49.46,-8.00%,-4.30,9.37万,4.75亿,7.79%,53.37,49.18,52.33,53.76,1.93,3.04%,34.61,5.65
5326,300184,力源信息,15.64,-8.00%,-1.36,137.26万,21.93亿,6.71%,16.59,15.45,15.79,17.00,0.69,13.05%,32.72,4.26
5327,000862,银星能源,6.21,-8.00%,-0.54,46.84万,3.01亿,7.85%,6.72,6.19,6.48,6.75,0.66,7.46%,25.69,1.31
5328,000537,绿发电力,9.31,-8.00%,-0.81,59.34万,5.72亿,8.70%,10.09,9.21,9.88,10.12,0.87,2.89%,53.78,0.96
5329,002741,光华科技,25.74,-8.01%,-2.24,47.93万,12.55亿,6.47%,27.12,25.31,26.66,27.98,1.06,11.24%,72.73,6.19
5330,300956,英力股份,13.66,-8.01%,-1.19,23.06万,3.22亿,6.60%,14.43,13.45,14.09,14.85,0.68,10.96%,-129.48,2.19
5331,300022,吉峰科技,7.46,-8.01%,-0.65,17.15万,1.31亿,7.64%,7.97,7.35,7.75,8.11,1.46,3.47%,218.30,7.21
5332,002428,云南锗业,78.64,-8.02%,-6.86,70.71万,57.12亿,7.60%,84.50,78.00,78.00,85.50,0.77,10.83%,1409.92,34.96
5333,300393,中来股份,8.24,-8.04%,-0.72,43.07万,3.66亿,8.37%,8.91,8.16,8.69,8.96,1.17,4.51%,-8.94,5.07
5334,688197,首药控股-U,30.49,-8.08%,-2.68,2.15万,6753.40万,8.53%,33.13,30.30,32.21,33.17,1.61,3.36%,-75.12,6.82
5335,920181,赛英电子,96.31,-8.08%,-8.47,1.87万,1.83亿,6.96%,102.29,95.00,98.00,104.78,1.11,18.64%,38.54,5.42
5336,600163,中闽能源,6.01,-8.10%,-0.53,67.45万,4.17亿,8.56%,6.50,5.94,6.28,6.54,0.70,3.54%,14.57,1.56
5337,301234,五洲医疗,37.57,-8.12%,-3.32,3.49万,1.40亿,15.11%,43.44,37.26,39.25,40.89,1.43,8.69%,79.33,3.38
5338,300804,广康生化,36.21,-8.12%,-3.20,1.60万,5994.51万,9.03%,39.46,35.90,38.50,39.41,1.30,5.81%,-1164.09,1.96
5339,603601,再升科技,15.15,-8.13%,-1.34,209.46万,32.56亿,8.00%,16.16,14.84,15.51,16.49,0.94,18.34%,302.42,6.42
5340,300600,国瑞科技,10.81,-8.16%,-0.96,11.39万,1.27亿,7.99%,11.70,10.76,11.43,11.77,2.02,3.87%,-189.54,2.65
5341,002409,雅克科技,105.62,-8.16%,-9.38,23.79万,25.56亿,4.61%,110.00,104.70,107.66,115.00,0.95,7.47%,47.12,6.32
5342,001287,中电港,25.42,-8.16%,-2.26,37.82万,9.85亿,6.25%,26.88,25.15,26.10,27.68,0.82,4.98%,30.48,3.55
5343,300373,扬杰科技,94.46,-8.18%,-8.41,23.84万,22.89亿,5.44%,98.78,93.18,97.73,102.87,0.85,4.40%,33.34,5.33
5344,688371,菲沃泰,35.24,-8.18%,-3.14,10.12万,3.64亿,7.66%,37.74,34.80,35.82,38.38,0.68,3.02%,-139.34,6.10
5345,300469,信息发展,51.50,-8.18%,-4.59,10.44万,5.60亿,11.43%,57.41,51.00,55.53,56.09,1.23,4.21%,-101.80,54.62
5346,688262,国芯科技,32.84,-8.19%,-2.93,15.61万,5.20亿,6.43%,34.30,32.00,33.52,35.77,1.15,4.65%,-56.68,5.73
5347,300916,朗特智能,25.64,-8.20%,-2.29,7.00万,1.84亿,8.31%,27.70,25.38,27.30,27.93,1.13,7.49%,774.29,2.71
5348,002578,闽发铝业,3.58,-8.21%,-0.32,46.81万,1.71亿,7.69%,3.82,3.52,3.76,3.90,1.08,5.44%,79.74,2.23
5349,301183,东田微,195.97,-8.21%,-17.53,5.82万,11.62亿,6.02%,206.10,193.25,200.49,213.50,0.73,9.91%,139.79,16.15
5350,300943,春晖智控,35.25,-8.23%,-3.16,10.03万,3.60亿,8.12%,37.60,34.48,36.50,38.41,1.05,7.52%,189.03,7.22
5351,300731,科创新源,53.60,-8.25%,-4.82,9.93万,5.43亿,5.89%,56.44,53.00,56.28,58.42,1.05,5.90%,-792.38,15.49
5352,688629,华丰科技,123.80,-8.27%,-11.16,18.09万,22.93亿,5.81%,131.20,123.36,127.00,134.96,0.94,9.95%,135.74,29.61
5353,688310,迈得医疗,17.30,-8.27%,-1.56,7.31万,1.30亿,11.24%,19.17,17.05,19.01,18.86,1.66,4.45%,-37.34,3.48
5354,300774,倍杰特,12.07,-8.28%,-1.09,16.44万,2.04亿,9.50%,13.09,11.84,12.90,13.16,1.30,8.43%,-41.24,3.41
5355,000626,远大控股,7.41,-8.29%,-0.67,21.32万,1.64亿,9.03%,8.04,7.31,7.88,8.08,1.10,4.23%,16.08,1.71
5356,688800,瑞可达,115.65,-8.29%,-10.46,10.29万,12.20亿,5.95%,122.50,115.00,116.91,126.11,0.84,5.00%,100.95,9.92
5357,688107,安路科技,38.76,-8.30%,-3.51,15.05万,5.96亿,7.95%,41.50,38.14,40.05,42.27,0.86,3.76%,-95.18,17.21
5358,601991,大唐发电,7.27,-8.32%,-0.66,627.87万,47.28亿,11.85%,8.10,7.16,7.65,7.93,0.66,5.07%,11.62,3.65
5359,600421,退市华嵘,0.33,-8.33%,-0.03,12.92万,431.74万,8.33%,0.35,0.32,0.34,0.36,0.46,6.61%,2.20,4.64
5360,605068,明新旭腾,20.45,-8.34%,-1.86,3.32万,6935.44万,7.71%,21.84,20.12,21.84,22.31,1.16,2.05%,-53.79,2.15
5361,688655,迅捷兴,50.11,-8.36%,-4.57,9.04万,4.58亿,6.22%,52.61,49.21,50.00,54.68,0.74,6.77%,-312.30,10.24
5362,002222,福晶科技,86.50,-8.37%,-7.90,32.44万,28.65亿,5.17%,90.86,85.98,88.08,94.40,0.92,6.93%,155.87,22.25
5363,688122,西部超导,55.61,-8.37%,-5.08,23.35万,13.39亿,6.99%,59.58,55.34,58.90,60.69,1.35,3.59%,206.04,5.04
5364,688226,威腾电气,43.52,-8.38%,-3.98,8.54万,3.81亿,8.91%,47.17,42.94,45.58,47.50,1.14,4.52%,305.96,4.26
5365,688001,华兴源创,63.58,-8.39%,-5.82,13.14万,8.43亿,6.33%,66.49,62.10,62.50,69.40,0.98,2.79%,2567.22,7.30
5366,688079,美迪凯,28.49,-8.39%,-2.61,43.68万,13.17亿,12.32%,32.26,28.43,28.88,31.10,1.01,10.80%,-70.65,9.38
5367,001283,豪鹏科技,49.85,-8.40%,-4.57,7.33万,3.75亿,7.30%,53.40,49.43,52.43,54.42,1.07,7.09%,40.34,1.83
5368,002047,宝鹰股份,4.36,-8.40%,-0.40,44.98万,1.99亿,7.98%,4.68,4.30,4.68,4.76,1.87,2.97%,-179.75,162.41
5369,000509,华塑控股,4.36,-8.40%,-0.40,125.17万,5.67亿,11.55%,4.86,4.31,4.60,4.76,0.61,11.66%,-466.45,38.70
5370,300648,星云股份,43.23,-8.41%,-3.97,3.91万,1.75亿,7.39%,46.50,43.01,46.32,47.20,1.63,2.95%,-117.42,6.49
5371,603459,红板科技,90.18,-8.43%,-8.30,14.04万,12.93亿,5.47%,95.19,89.80,89.80,98.48,0.65,17.76%,137.27,16.68
5372,300151,昌红科技,22.24,-8.44%,-2.05,30.98万,7.06亿,5.97%,23.45,22.00,23.00,24.29,1.22,8.40%,174.63,7.71
5373,002823,凯中精密,18.31,-8.45%,-1.69,25.86万,4.88亿,7.45%,19.68,18.19,19.00,20.00,0.79,11.82%,28.75,2.96
5374,300040,九洲集团,7.04,-8.45%,-0.65,57.99万,4.18亿,6.89%,7.47,6.94,7.29,7.69,0.68,11.21%,44.09,1.74
5375,603400,华之杰,62.41,-8.46%,-5.77,1.44万,9159.09万,7.58%,66.67,61.50,65.50,68.18,1.37,7.18%,50.10,5.09
5376,600545,卓郎智能,6.25,-8.49%,-0.58,147.68万,9.48亿,8.35%,6.74,6.17,6.25,6.83,0.83,8.26%,-92.84,4.26
5377,300046,台基股份,27.16,-8.52%,-2.53,9.03万,2.53亿,6.50%,29.00,27.07,28.50,29.69,1.08,3.82%,117.67,5.59
5378,688328,深科达,63.22,-8.54%,-5.90,6.65万,4.30亿,8.25%,68.00,62.30,64.21,69.12,1.03,7.04%,55.15,7.10
5379,001337,四川黄金,43.67,-8.56%,-4.09,12.45万,5.52亿,7.75%,46.68,42.98,44.91,47.76,1.66,2.96%,17.27,9.69
5380,300302,同有科技,48.46,-8.58%,-4.55,62.83万,31.09亿,7.53%,51.59,47.60,49.72,53.01,0.94,17.04%,66.60,21.09
5381,688500,慧辰股份,44.06,-8.59%,-4.14,3.56万,1.61亿,9.63%,47.84,43.20,46.50,48.20,1.31,4.81%,-30.37,4.61
5382,002843,泰嘉股份,20.94,-8.60%,-1.97,17.48万,3.74亿,7.16%,22.26,20.62,22.10,22.91,1.34,6.99%,53.87,3.92
5383,300570,太辰光,153.90,-8.60%,-14.48,20.62万,32.26亿,6.21%,161.50,151.05,151.05,168.38,0.80,10.73%,132.85,19.76
5384,688045,必易微,62.56,-8.60%,-5.89,3.16万,2.00亿,5.26%,65.10,61.50,64.00,68.45,1.14,4.48%,80.98,3.08
5385,301609,山大电力,42.56,-8.63%,-4.02,3.40万,1.50亿,10.67%,45.47,40.50,45.07,46.58,0.81,9.28%,119.37,5.63
5386,300077,国民技术,21.49,-8.63%,-2.03,41.94万,9.25亿,6.55%,22.76,21.22,22.44,23.52,0.80,7.41%,-231.39,8.37
5387,301205,联特科技,308.58,-8.63%,-29.16,11.45万,36.10亿,8.73%,329.60,300.12,325.01,337.74,0.89,13.72%,3286.17,24.59
5388,003033,征和工业,55.30,-8.70%,-5.27,2.70万,1.52亿,6.59%,58.99,55.00,57.22,60.57,0.86,3.34%,34.34,3.26
5389,002183,怡 亚 通,6.40,-8.70%,-0.61,220.79万,14.61亿,8.84%,6.93,6.31,6.79,7.01,1.69,8.50%,247.12,1.83
5390,603407,长裕集团,51.36,-8.71%,-4.90,4.15万,2.18亿,6.93%,54.88,50.98,53.28,56.26,0.74,11.54%,93.91,10.16
5391,600021,上海电力,17.71,-8.71%,-1.69,107.45万,19.77亿,8.14%,19.27,17.69,18.72,19.40,0.75,3.81%,22.03,2.40
5392,688362,甬矽电子,52.58,-8.72%,-5.02,28.93万,15.49亿,6.02%,55.26,51.79,52.61,57.60,0.86,7.05%,202.80,6.21
5393,688051,佳华科技,28.06,-8.75%,-2.69,4.13万,1.16亿,8.26%,29.94,27.40,28.96,30.75,1.71,5.34%,-26.73,3.75
5394,688220,翱捷科技-U,91.40,-8.78%,-8.80,11.91万,11.19亿,7.53%,98.37,90.82,98.20,100.20,1.01,3.23%,-341.14,7.03
5395,600714,金瑞矿业,30.01,-8.78%,-2.89,33.88万,10.49亿,10.85%,33.35,29.78,33.20,32.90,1.76,11.76%,-1997.35,11.49
5396,601118,海南橡胶,6.02,-8.79%,-0.58,94.54万,5.86亿,7.12%,6.44,5.97,6.33,6.60,1.07,2.21%,-48.59,2.69
5397,000062,深圳华强,30.70,-8.79%,-2.96,59.90万,18.93亿,8.76%,33.24,30.29,32.00,33.66,0.69,5.73%,39.96,4.75
5398,300408,三环集团,122.92,-8.83%,-11.91,92.11万,116.12亿,8.19%,132.56,121.52,130.78,134.83,1.18,4.93%,74.46,10.94
5399,601016,节能风电,4.22,-8.86%,-0.41,323.33万,14.11亿,7.78%,4.56,4.20,4.46,4.63,0.69,5.35%,33.85,1.55
5400,000997,新 大 陆,18.01,-8.86%,-1.75,36.81万,6.83亿,6.98%,19.23,17.85,19.20,19.76,1.50,3.65%,16.23,2.42
5401,000993,闽东电力,12.31,-8.88%,-1.20,26.28万,3.36亿,8.44%,13.39,12.25,12.95,13.51,0.67,5.98%,-51.84,2.21
5402,301338,凯格精机,235.00,-8.93%,-23.03,5.15万,12.13亿,6.99%,245.99,227.96,239.37,258.03,0.87,6.64%,96.20,15.23
5403,301446,福事特,42.13,-8.93%,-4.13,2.29万,9860.95万,6.59%,44.96,41.91,44.59,46.26,1.21,7.38%,46.87,3.64
5404,600821,金开新能,7.33,-8.94%,-0.72,149.43万,11.47亿,8.20%,7.98,7.32,7.70,8.05,0.72,7.60%,-187.77,1.60
5405,300004,南风股份,12.28,-8.97%,-1.21,24.52万,3.10亿,8.01%,13.18,12.10,12.92,13.49,0.97,5.11%,-282.57,3.33
5406,600330,天通股份,26.78,-8.97%,-2.64,136.30万,37.40亿,6.80%,28.49,26.49,27.93,29.42,0.77,11.05%,-197.34,4.26
5407,002993,奥海科技,59.50,-8.98%,-5.87,10.97万,6.65亿,6.26%,62.93,58.84,60.40,65.37,1.17,4.60%,88.02,3.50
5408,688205,德科立,206.33,-8.99%,-20.37,9.40万,19.79亿,6.09%,217.00,203.20,209.10,226.70,0.99,5.91%,418.24,13.93
5409,603083,剑桥科技,174.76,-8.99%,-17.26,28.96万,52.06亿,7.70%,187.88,173.10,179.00,192.02,0.79,10.51%,135.97,8.62
5410,920012,创达新材,69.00,-8.99%,-6.82,3.16万,2.26亿,7.81%,74.80,68.88,72.03,75.82,0.77,16.35%,53.06,4.11
5411,002281,光迅科技,206.99,-9.05%,-20.59,60.11万,126.88亿,5.70%,218.97,206.00,210.00,227.58,0.88,7.71%,173.98,16.15
5412,688710,益诺思,51.80,-9.06%,-5.16,3.26万,1.73亿,11.25%,57.53,51.12,57.00,56.96,2.10,3.59%,149.54,3.12
5413,601231,环旭电子,38.78,-9.10%,-3.88,62.43万,24.80亿,6.82%,41.30,38.39,39.80,42.66,0.94,2.61%,55.51,4.19
5414,002928,华夏航空,6.59,-9.10%,-0.66,70.08万,4.72亿,6.34%,7.00,6.54,7.00,7.25,1.51,5.48%,15.71,2.12
5415,000962,东方钽业,50.76,-9.11%,-5.09,24.31万,12.68亿,6.77%,54.18,50.40,53.14,55.85,0.87,4.83%,123.16,6.69
5416,688515,裕太微-U,194.48,-9.12%,-19.52,5.72万,11.24亿,5.37%,202.00,190.50,190.50,214.00,0.67,11.47%,-89.92,10.61
5417,002056,横店东磁,26.50,-9.12%,-2.66,80.99万,22.05亿,6.34%,28.19,26.34,27.59,29.16,0.79,4.98%,27.93,3.91
5418,000751,锌业股份,4.57,-9.15%,-0.46,77.05万,3.62亿,6.76%,4.89,4.55,4.84,5.03,1.21,5.46%,25.04,2.01
5419,688488,艾迪药业,12.50,-9.16%,-1.26,9.56万,1.24亿,8.65%,13.64,12.45,13.48,13.76,1.72,2.27%,172.88,5.40
5420,301421,波长光电,87.03,-9.16%,-8.78,6.37万,5.71亿,6.14%,92.83,86.95,91.10,95.81,1.03,13.76%,388.95,8.43
5421,002465,海格通信,14.46,-9.17%,-1.46,189.72万,28.48亿,10.74%,16.08,14.37,15.50,15.92,1.32,7.66%,1539.56,3.18
5422,301531,春光集团,72.81,-9.21%,-7.39,8.87万,6.78亿,10.26%,80.53,72.30,75.58,80.20,1.03,18.93%,134.74,11.05
5423,300726,宏达电子,68.09,-9.23%,-6.92,26.00万,18.07亿,7.27%,72.35,66.90,70.49,75.01,0.96,12.12%,74.63,5.85
5424,301106,骏成科技,21.22,-9.24%,-2.16,7.00万,1.53亿,9.58%,23.11,20.87,22.39,23.38,0.96,4.90%,93.82,2.40
5425,300061,旗天科技,8.15,-9.24%,-0.83,40.21万,3.35亿,9.58%,8.84,7.98,8.55,8.98,1.29,6.46%,130.15,11.58
5426,603011,合锻智能,29.67,-9.27%,-3.03,77.55万,23.94亿,10.49%,32.86,29.43,31.26,32.70,0.86,15.68%,-127.85,7.87
5427,300684,中石科技,51.44,-9.28%,-5.26,17.26万,9.09亿,7.07%,54.70,50.69,53.40,56.70,0.89,8.45%,59.46,7.67
5428,301099,雅创电子,72.42,-9.29%,-7.42,13.96万,10.40亿,10.02%,78.80,70.80,74.70,79.84,0.91,15.55%,38.81,7.40
5429,000510,新金路,16.78,-9.30%,-1.72,52.07万,8.88亿,5.41%,17.65,16.65,17.30,18.50,0.85,8.58%,-53.55,10.55
5430,688307,中润光学,61.34,-9.30%,-6.29,8.06万,5.05亿,8.52%,66.00,60.24,62.72,67.63,1.23,6.49%,127.92,8.64
5431,600360,XD华微电,11.77,-9.32%,-1.21,85.35万,10.26亿,5.78%,12.43,11.68,12.14,12.98,0.80,8.89%,48.80,3.23
5432,300806,斯迪克,75.31,-9.35%,-7.77,23.61万,18.64亿,12.10%,84.75,74.70,80.00,83.08,1.09,7.46%,560.45,14.62
5433,688450,光格科技,38.67,-9.35%,-3.99,2.48万,9871.68万,14.70%,43.87,37.60,40.00,42.66,2.00,5.08%,-141.12,2.73
5434,300055,万邦达,7.74,-9.37%,-0.80,35.14万,2.80亿,8.55%,8.38,7.65,8.23,8.54,1.61,5.55%,45.00,1.32
5435,688048,长光华芯,334.00,-9.39%,-34.61,12.41万,42.36亿,6.32%,353.31,330.01,340.00,368.61,0.79,7.04%,3285.84,19.54
5436,301591,肯特股份,43.20,-9.43%,-4.50,8.88万,3.89亿,5.83%,45.29,42.51,44.01,47.70,0.60,19.86%,70.22,5.16
5437,301165,锐捷网络,57.70,-9.50%,-6.06,16.36万,9.68亿,7.56%,61.90,57.08,61.00,63.76,1.29,1.47%,130.68,13.63
5438,300563,神宇股份,28.40,-9.53%,-2.99,9.77万,2.87亿,6.40%,30.29,28.28,30.16,31.39,1.12,7.63%,95.83,4.63
5439,301439,泓淋电力,18.23,-9.53%,-1.92,27.73万,5.17亿,7.99%,19.44,17.83,19.06,20.15,0.55,15.13%,32.14,2.39
5440,003036,泰坦股份,74.50,-9.53%,-7.85,16.09万,12.43亿,9.97%,82.33,74.12,81.12,82.35,1.11,7.44%,196.40,11.44
5441,300321,同大股份,40.27,-9.55%,-4.25,4.79万,2.01亿,8.98%,44.00,40.00,43.00,44.52,1.05,5.40%,1888.86,5.67
5442,300685,艾德生物,17.99,-9.60%,-1.91,23.02万,4.20亿,8.14%,19.22,17.60,18.44,19.90,1.31,5.91%,20.60,3.73
5443,300596,利安隆,37.10,-9.62%,-3.95,9.77万,3.73亿,10.65%,40.65,36.28,39.92,41.05,1.24,4.35%,16.13,1.72
5444,300853,申昊科技,35.09,-9.63%,-3.74,10.45万,3.74亿,9.30%,37.76,34.15,37.76,38.83,1.26,10.63%,-39.79,10.06
5445,301013,利和兴,50.81,-9.64%,-5.42,50.90万,26.61亿,9.16%,55.15,50.00,53.94,56.23,0.79,26.90%,920.95,17.75
5446,301317,鑫磊股份,57.75,-9.74%,-6.23,4.64万,2.71亿,9.53%,61.98,55.88,61.28,63.98,1.16,8.89%,-116.88,7.40
5447,603977,国泰集团,13.30,-9.83%,-1.45,33.20万,4.55亿,8.27%,14.50,13.28,14.18,14.75,1.58,5.34%,51.73,2.39
5448,300174,元力股份,23.37,-9.87%,-2.56,53.37万,12.78亿,7.29%,24.96,23.07,24.08,25.93,0.81,14.73%,51.10,2.44
5449,001323,慕思股份,19.03,-9.94%,-2.10,2.81万,5500.66万,7.48%,20.60,19.02,20.17,21.13,1.90,0.90%,23.42,1.98
5450,300333,兆日科技,9.86,-9.95%,-1.09,23.30万,2.38亿,10.05%,10.80,9.70,10.60,10.95,1.36,6.96%,-186.44,5.88
5451,001258,立新能源,8.94,-9.97%,-0.99,48.09万,4.41亿,7.15%,9.65,8.94,9.28,9.93,0.82,5.15%,329.01,2.73
5452,603002,宏昌电子,15.08,-9.97%,-1.67,47.53万,7.29亿,4.54%,15.84,15.08,15.16,16.75,0.48,4.19%,9125.27,4.97
5453,600791,京能置业,13.27,-9.97%,-1.47,19.68万,2.67亿,6.99%,14.30,13.27,14.20,14.74,0.98,4.35%,-20.19,-9.91
5454,300628,亿联网络,35.47,-9.97%,-3.93,21.94万,7.99亿,6.70%,38.05,35.41,38.02,39.40,1.23,3.02%,17.13,5.39
5455,603890,春秋电子,28.12,-9.99%,-3.12,63.15万,17.87亿,4.10%,29.40,28.12,28.88,31.24,0.72,14.13%,51.73,3.81
5456,603330,天洋新材,7.75,-9.99%,-0.86,91.02万,7.20亿,5.34%,8.21,7.75,7.75,8.61,1.48,22.38%,248.66,2.57
5457,003019,宸展光电,33.97,-9.99%,-3.77,11.30万,4.02亿,11.21%,38.20,33.97,36.00,37.74,0.88,6.61%,54.24,3.68
5458,002396,星网锐捷,19.19,-9.99%,-2.13,42.15万,8.37亿,7.55%,20.80,19.19,20.60,21.32,1.12,5.56%,98.01,2.12
5459,002015,协鑫能科,20.09,-9.99%,-2.23,125.91万,26.38亿,9.45%,22.20,20.09,21.27,22.32,0.74,7.76%,28.32,2.70
5460,301489,思泉新材,137.00,-9.99%,-15.21,8.41万,11.79亿,10.66%,148.88,132.66,144.88,152.21,0.87,12.09%,145.99,14.31
5461,002897,意华股份,82.31,-9.99%,-9.14,19.81万,16.77亿,5.89%,87.70,82.31,87.11,91.45,0.84,10.86%,99.07,5.81
5462,603311,金海高科,36.83,-10.00%,-4.09,14.78万,5.57亿,5.79%,39.20,36.83,38.90,40.92,0.75,6.27%,61.38,6.44
5463,002951,金时科技,20.08,-10.00%,-2.23,2.75万,5515.78万,0.00%,20.08,20.08,20.08,22.31,0.09,0.68%,-175.04,5.36
5464,605177,东亚药业,20.44,-10.00%,-2.27,5.09万,1.08亿,8.19%,22.30,20.44,22.00,22.71,0.59,4.48%,-16.65,1.41
5465,002943,宇晶股份,51.05,-10.00%,-5.67,13.83万,7.28亿,7.85%,55.50,51.05,52.52,56.72,1.26,7.32%,-174.69,15.71
5466,002975,博杰股份,119.09,-10.00%,-13.23,16.51万,20.11亿,5.66%,126.58,119.09,123.77,132.32,1.02,12.02%,94.03,10.53
5467,605162,新中港,11.07,-10.00%,-1.23,40.74万,4.65亿,7.72%,12.02,11.07,11.78,12.30,1.17,9.20%,100.94,2.96
5468,603989,艾华集团,31.95,-10.00%,-3.55,25.63万,8.56亿,11.13%,35.90,31.95,33.23,35.50,0.74,6.43%,46.28,3.22
5469,603285,键邦股份,38.52,-10.00%,-4.28,4.67万,1.85亿,7.17%,41.59,38.52,38.96,42.80,1.35,7.49%,48.48,3.58
5470,603267,鸿远电子,67.32,-10.00%,-7.48,20.00万,13.83亿,5.86%,71.70,67.32,70.00,74.80,0.67,8.66%,40.38,3.49
5471,603124,江南新材,151.20,-10.00%,-16.80,5.30万,8.08亿,5.12%,159.80,151.20,159.80,168.00,1.32,6.82%,70.48,11.84
5472,603112,华翔股份,18.99,-10.00%,-2.11,21.05万,4.05亿,4.60%,19.96,18.99,19.50,21.10,1.08,3.94%,17.46,2.32
5473,300464,星徽股份,8.01,-10.00%,-0.89,23.39万,1.93亿,7.87%,8.63,7.93,8.60,8.90,1.27,6.59%,290.57,21.13
5474,002957,科瑞技术,54.18,-10.00%,-6.02,24.98万,14.00亿,6.99%,58.39,54.18,56.00,60.20,0.69,5.97%,81.94,6.87
5475,002824,和胜股份,25.56,-10.00%,-2.84,23.97万,6.39亿,9.05%,28.13,25.56,27.82,28.40,0.88,10.60%,80.86,3.49
5476,000960,锡业股份,35.01,-10.00%,-3.89,111.89万,39.93亿,5.04%,36.97,35.01,36.01,38.90,1.00,6.80%,16.60,2.84
5477,603629,利通电子,162.34,-10.00%,-18.04,8.07万,13.11亿,2.57%,166.98,162.34,162.34,180.38,0.29,3.13%,39.25,18.97
5478,001267,汇绿生态,49.04,-10.00%,-5.45,40.66万,20.44亿,5.23%,51.89,49.04,50.09,54.49,1.17,6.68%,647.46,24.18
5479,002976,瑞玛精密,28.43,-10.00%,-3.16,4.93万,1.46亿,8.10%,30.99,28.43,30.74,31.59,0.68,7.39%,-77.06,2.96
5480,603678,火炬电子,56.68,-10.00%,-6.30,63.82万,38.34亿,14.48%,65.80,56.68,58.01,62.98,1.20,13.42%,169.90,4.41
5481,002579,中京电子,16.82,-10.01%,-1.87,112.07万,19.19亿,4.87%,17.73,16.82,16.82,18.69,0.53,19.21%,458.39,4.29
5482,000733,振华科技,50.46,-10.01%,-5.61,57.39万,29.84亿,7.21%,54.50,50.46,53.00,56.07,0.95,10.36%,439.47,1.77
5483,603067,振华股份,32.65,-10.01%,-3.63,39.81万,13.35亿,7.25%,35.28,32.65,34.60,36.28,1.06,5.27%,50.71,5.80
5484,002969,嘉美包装,15.11,-10.01%,-1.68,7.63万,1.15亿,0.00%,15.11,15.11,15.11,16.79,0.09,0.70%,61.99,5.10
5485,600382,广东明珠,8.71,-10.02%,-0.97,67.57万,6.14亿,9.81%,9.66,8.71,9.61,9.68,1.98,9.73%,25.75,2.02
5486,002096,易普力,10.95,-10.02%,-1.22,28.21万,3.21亿,9.78%,12.14,10.95,12.12,12.17,1.20,2.27%,31.60,1.67
5487,002848,高斯贝尔,14.18,-10.03%,-1.58,10.68万,1.54亿,6.15%,15.15,14.18,14.18,15.76,1.11,6.48%,102.05,28.37
5488,001330,博纳影业,6.99,-10.04%,-0.78,105.08万,7.63亿,11.58%,7.89,6.99,7.42,7.77,1.10,9.04%,-54.26,2.53
5489,301120,新特电气,19.67,-10.10%,-2.21,18.84万,3.85亿,7.54%,21.27,19.62,20.79,21.88,0.58,8.56%,-977.51,4.74
5490,301291,明阳电气,44.93,-10.12%,-5.06,12.71万,5.92亿,10.30%,49.69,44.54,48.10,49.99,1.36,7.78%,143.46,2.79
5491,300106,西部牧业,12.39,-10.15%,-1.40,16.05万,2.04亿,10.01%,13.60,12.22,13.43,13.79,0.89,7.59%,132.03,6.95
5492,301468,博盈特焊,47.01,-10.23%,-5.36,12.87万,6.25亿,9.93%,51.46,46.26,50.96,52.37,0.78,13.20%,253.71,3.49
5493,300751,迈为股份,206.00,-10.24%,-23.51,13.64万,28.86亿,9.91%,223.98,201.23,221.00,229.51,1.09,7.07%,121.70,7.26
5494,301458,钧崴电子,57.00,-10.26%,-6.52,29.32万,17.15亿,16.58%,64.20,53.67,59.79,63.52,1.16,24.96%,102.83,9.46
5495,301305,朗坤科技,27.51,-10.39%,-3.19,15.97万,4.58亿,10.55%,30.53,27.29,29.80,30.70,1.05,12.85%,17.83,1.71
5496,300782,卓胜微,93.87,-10.40%,-10.90,27.09万,26.33亿,7.78%,101.73,93.58,100.00,104.77,1.16,6.04%,-93.50,4.09
5497,301373,凌玮科技,118.81,-10.41%,-13.81,7.52万,9.05亿,6.82%,125.44,116.40,122.90,132.62,0.78,18.45%,84.16,7.73
5498,920179,凯德石英,60.94,-10.42%,-7.09,6.92万,4.41亿,11.70%,67.96,60.00,63.00,68.03,1.23,11.59%,236.07,6.04
5499,920526,凯华材料,26.38,-10.52%,-3.10,6.10万,1.71亿,13.26%,30.14,26.23,27.94,29.48,1.07,11.65%,119.52,9.69
5500,301222,浙江恒威,30.36,-10.52%,-3.57,5.47万,1.74亿,12.82%,34.43,30.08,33.80,33.93,0.72,5.13%,41.31,3.00
5501,688690,纳微科技,37.56,-10.64%,-4.47,21.86万,8.52亿,10.52%,41.81,37.39,40.66,42.03,1.11,5.41%,55.65,7.57
5502,688485,九州一轨,46.64,-10.65%,-5.56,6.53万,3.16亿,8.68%,51.00,46.47,50.00,52.20,0.99,7.35%,-402.59,5.60
5503,688172,燕东微,61.19,-10.66%,-7.30,30.20万,19.10亿,9.45%,66.99,60.52,64.30,68.49,1.16,3.88%,-84.31,4.81
5504,300897,山科智能,17.85,-10.66%,-2.13,10.57万,1.93亿,9.06%,19.32,17.51,18.95,19.98,1.12,8.64%,129.37,3.60
5505,301123,奕东电子,97.86,-10.71%,-11.74,20.27万,20.46亿,11.50%,108.80,96.20,105.00,109.60,0.91,12.28%,604.91,8.19
5506,300617,安靠智电,56.25,-10.76%,-6.78,12.54万,7.26亿,7.89%,60.82,55.85,59.22,63.03,1.11,9.02%,47.64,3.08
5507,301326,捷邦科技,131.69,-11.00%,-16.28,2.41万,3.26亿,10.13%,144.99,130.00,144.99,147.97,1.19,3.34%,-160.32,7.75
5508,688195,腾景科技,215.00,-11.08%,-26.80,9.20万,20.20亿,6.73%,228.27,212.00,228.27,241.80,0.90,5.08%,674.36,39.06
5509,688677,海泰新光,117.75,-11.19%,-14.83,7.58万,9.12亿,12.42%,128.47,112.00,121.80,132.58,1.52,6.32%,74.77,10.75
5510,688711,宏微科技,29.74,-11.30%,-3.79,14.30万,4.44亿,8.95%,32.74,29.74,31.50,33.53,1.03,6.71%,1742.76,6.03
5511,688333,铂力特,87.21,-11.37%,-11.19,17.40万,15.84亿,9.95%,96.65,86.86,94.66,98.40,1.21,6.34%,356.52,4.78
5512,688261,东微半导,71.42,-11.39%,-9.18,8.14万,5.97亿,7.47%,76.32,70.30,73.07,80.60,0.98,6.66%,393.78,2.97
5513,688593,新相微,31.49,-11.42%,-4.06,22.56万,7.26亿,7.88%,33.58,30.78,31.08,35.55,1.03,4.91%,673.84,9.31
5514,300331,苏大维格,52.30,-11.45%,-6.76,29.68万,16.05亿,10.41%,56.96,50.81,56.20,59.06,1.38,13.36%,113.06,8.82
5515,301329,信音电子,26.18,-11.58%,-3.43,16.70万,4.55亿,9.83%,28.83,25.92,27.37,29.61,0.66,27.85%,39.03,2.81
5516,300285,国瓷材料,57.61,-11.61%,-7.57,147.50万,89.15亿,11.83%,65.00,57.29,62.06,65.18,1.08,17.28%,100.94,8.08
5517,301563,云汉芯城,192.20,-11.84%,-25.81,5.42万,10.86亿,10.54%,213.50,190.52,202.00,218.01,0.68,28.33%,78.79,13.20
5518,301566,达利凯普,32.81,-11.99%,-4.47,41.70万,14.16亿,9.87%,35.93,32.25,34.77,37.28,1.01,19.75%,60.82,8.69
5519,300881,盛德鑫泰,44.10,-12.19%,-6.12,3.14万,1.44亿,10.57%,49.20,43.89,48.01,50.22,1.11,5.46%,27.63,3.92
5520,300720,海川智能,68.46,-12.82%,-10.07,15.44万,10.75亿,12.99%,76.90,66.70,74.04,78.53,1.27,8.39%,471.29,23.08
5521,301419,阿莱德,41.03,-12.85%,-6.05,12.87万,5.49亿,10.07%,44.74,40.00,43.89,47.08,0.85,12.97%,124.33,6.66
5522,300069,金利华电,39.50,-12.86%,-5.83,23.04万,9.55亿,13.13%,44.95,39.00,41.13,45.33,0.96,19.69%,380.11,16.94
5523,688813,泰金新能,158.20,-13.87%,-25.48,3.86万,6.34亿,10.04%,174.00,155.56,160.55,183.68,0.86,12.83%,116.71,14.13
5524,300835,龙磁科技,181.66,-13.91%,-29.34,8.46万,16.14亿,10.79%,203.80,181.03,197.84,211.00,1.11,10.18%,196.31,17.34
5525,688260,昀冢科技,76.44,-13.96%,-12.40,9.03万,7.15亿,13.35%,85.23,73.37,84.98,88.84,1.22,7.53%,-43.35,56.80
5526,300964,本川智能,96.99,-14.79%,-16.84,8.08万,8.20亿,8.93%,107.07,96.90,105.00,113.83,0.85,14.42%,155.00,7.25
5527,300322,硕贝德,28.61,-15.23%,-5.14,68.91万,21.00亿,11.67%,32.46,28.52,32.00,33.75,1.30,15.65%,315.52,12.93
5528,920190,雷神科技,29.77,-15.93%,-5.64,15.60万,4.93亿,12.26%,33.71,29.37,32.18,35.41,0.71,15.69%,50.76,3.48
5529,300737,科顺股份,7.11,-20.02%,-1.78,143.17万,10.99亿,16.65%,8.59,7.11,8.50,8.89,1.56,16.14%,31.04,2.00
5530,600608,退市沪科,0.20,-90.34%,-1.87,79.11万,1650.33万,11.11%,0.40,0.17,0.20,2.07,15.44,24.85%,-9.86,1.60
5531,600193,退市创兴,0.19,-91.24%,-1.98,98.80万,1937.66万,43.32%,1.09,0.15,1.09,2.17,119.73,23.23%,8.13,1.23
5532,605081,退市太和,0.40,-92.05%,-4.63,24.98万,1047.94万,18.09%,1.01,0.10,1.01,5.03,333.62,22.05%,-0.99,0.07
